Plant Code,Port,,,,,,,,,,,,
PLANT01,PORT01,,,,,,,,,,,,
PLANT01,PORT02,,,,,,,,,,,,
PLANT02,PORT03,,,,,,,,,,,,
PLANT03,PORT04,,,,,,,,,,,,
PLANT04,PORT05,,,,,,,,,,,,
PLANT05,PORT06,,,,,,,,,,,,
PLANT06,PORT06,,,,,,,,,,,,
PLANT07,PORT01,,,,,,,,,,,,
PLANT07,PORT02,,,,,,,,,,,,
PLANT08,PORT04,,,,,,,,,,,,
PLANT09,PORT04,,,,,,,,,,,,
PLANT10,PORT01,,,,,,,,,,,,
PLANT10,PORT02,,,,,,,,,,,,
PLANT11,PORT04,,,,,,,,,,,,
PLANT12,PORT04,,,,,,,,,,,,
PLANT13,PORT04,,,,,,,,,,,,
PLANT14,PORT07,,,,,,,,,,,,
PLANT15,PORT08,,,,,,,,,,,,
PLANT16,PORT09,,,,,,,,,,,,
PLANT17,PORT10,,,,,,,,,,,,
PLANT18,PORT11,,,,,,,,,,,,
PLANT19,PORT04,,,,,,,,,,,,